{"defect":[{"id":"1","type":"defect","position":{"x":6.793687343597412,"y":1.1260435581207276,"z":0.287036657333374},"rotation":{"x":0.30821457505226138,"y":90.84461975097656,"z":-2.6680814002588705e-8},"view":{"position":{"x":8.765143394470215,"y":10.0,"z":1.3770461082458497},"rotation":{"x":3.588059663772583,"y":121.90536499023438,"z":1.0693130292338538e-7},"fov":60.0}},{"id":"2","type":"defect","position":{"x":6.647398948669434,"y":0.9418076872825623,"z":3.5421178340911867},"rotation":{"x":359.9655456542969,"y":181.322265625,"z":-5.2110222387158347e-11},"view":{"position":{"x":8.765143394470215,"y":10.0,"z":1.3770461082458497},"rotation":{"x":3.588059663772583,"y":121.90536499023438,"z":1.0693130292338538e-7},"fov":60.0}},{"id":"3","type":"defect","position":{"x":-0.8309598565101624,"y":0.36155933141708376,"z":-0.4053732454776764},"rotation":{"x":0.22878976166248322,"y":90.46305847167969,"z":0.0},"view":{"position":{"x":8.765143394470215,"y":10.0,"z":1.3770461082458497},"rotation":{"x":3.588059663772583,"y":121.90536499023438,"z":1.0693130292338538e-7},"fov":60.0}}]}