{"defect":[{"id":"NeedToChange1","position":{"x":6.793687343597412,"y":1.1260435581207276,"z":0.287036657333374},"rotation":{"x":0.30821457505226138,"y":90.84461975097656,"z":-2.6680814002588705e-8},"view":{"position":{"x":8.346131324768067,"y":1.5062165260314942,"z":0.27802324295043948},"rotation":{"x":20.75374984741211,"y":268.6635437011719,"z":9.130174589699891e-7},"fov":60.0}},{"id":"NeedToChange2","position":{"x":6.647398948669434,"y":0.9418076872825623,"z":3.5421178340911867},"rotation":{"x":359.9655456542969,"y":181.322265625,"z":-5.2110222387158347e-11},"view":{"position":{"x":6.912739276885986,"y":1.432647943496704,"z":2.926466941833496},"rotation":{"x":31.50895118713379,"y":338.53094482421877,"z":0.0},"fov":20.0}},{"id":"NeedToChange3","position":{"x":-0.8309598565101624,"y":0.36155933141708376,"z":-0.4053732454776764},"rotation":{"x":0.22878976166248322,"y":90.46305847167969,"z":0.0},"view":{"position":{"x":1.350765347480774,"y":1.4925298690795899,"z":0.883857250213623},"rotation":{"x":20.607221603393556,"y":241.0019989013672,"z":0.0},"fov":20.0}}]}